data;ricoverati;terapia_intensiva;ospedalizzati;isolamento_domiciliare;totale_positivi;variazione_totale_positivi;nuovi_positivi;guariti;deceduti;totale_casi;tamponi;casi_testati;diff_ricoverati;diff_terapia_intensiva;diff_ospedalizzati;diff_isolamento_domiciliare;diff_totale_positivi;diff_variazione_totale_positivi;diff_nuovi_positivi;diff_guariti;diff_deceduti;diff_totale_casi;diff_tamponi;diff_casi_testati
"2020-02-24";"101";"26";"127";"94";"221";"0";"221";"1";"7";"229";"4324";"";"101";"26";"127";"94";"221";"0";"221";"1";"7";"229";"4324";"0"
"2020-02-25";"114";"35";"150";"162";"311";"90";"93";"1";"10";"322";"8623";"";"13";"9";"23";"68";"90";"90";"-128";"0";"3";"93";"4299";"0"
"2020-02-26";"128";"36";"164";"221";"385";"74";"78";"3";"12";"400";"9587";"";"14";"1";"14";"59";"74";"-16";"-15";"2";"2";"78";"964";"0"
"2020-02-27";"248";"56";"304";"284";"588";"203";"250";"45";"17";"650";"12014";"";"120";"20";"140";"63";"203";"129";"172";"42";"5";"250";"2427";"0"
"2020-02-28";"345";"64";"409";"412";"821";"233";"238";"46";"21";"888";"15695";"";"97";"8";"105";"128";"233";"30";"-12";"1";"4";"238";"3681";"0"
"2020-02-29";"401";"105";"506";"543";"1049";"228";"240";"50";"29";"1128";"18661";"";"56";"41";"97";"131";"228";"-5";"2";"4";"8";"240";"2966";"0"
"2020-03-01";"639";"140";"779";"798";"1577";"528";"566";"83";"34";"1694";"21127";"";"238";"35";"273";"255";"528";"300";"326";"33";"5";"566";"2466";"0"
"2020-03-02";"742";"166";"908";"927";"1835";"258";"342";"149";"52";"2036";"23345";"";"103";"26";"129";"129";"258";"-270";"-224";"66";"18";"342";"2218";"0"
"2020-03-03";"1034";"229";"1263";"1000";"2263";"428";"466";"160";"79";"2502";"25856";"";"292";"63";"355";"73";"428";"170";"124";"11";"27";"466";"2511";"0"
"2020-03-04";"1346";"295";"1641";"1065";"2706";"443";"587";"276";"107";"3089";"29837";"";"312";"66";"378";"65";"443";"15";"121";"116";"28";"587";"3981";"0"
"2020-03-05";"1790";"351";"2141";"1155";"3296";"590";"769";"414";"148";"3858";"32362";"";"444";"56";"500";"90";"590";"147";"182";"138";"41";"769";"2525";"0"
"2020-03-06";"2394";"462";"2856";"1060";"3916";"620";"778";"523";"197";"4636";"36359";"";"604";"111";"715";"-95";"620";"30";"9";"109";"49";"778";"3997";"0"
"2020-03-07";"2651";"567";"3218";"1843";"5061";"1145";"1247";"589";"233";"5883";"42062";"";"257";"105";"362";"783";"1145";"525";"469";"66";"36";"1247";"5703";"0"
"2020-03-08";"3557";"650";"4207";"2180";"6387";"1326";"1492";"622";"366";"7375";"49937";"";"906";"83";"989";"337";"1326";"181";"245";"33";"133";"1492";"7875";"0"
"2020-03-09";"4316";"733";"5049";"2936";"7985";"1598";"1797";"724";"463";"9172";"53826";"";"759";"83";"842";"756";"1598";"272";"305";"102";"97";"1797";"3889";"0"
"2020-03-10";"5038";"877";"5915";"2599";"8514";"529";"977";"1004";"631";"10149";"60761";"";"722";"144";"866";"-337";"529";"-1069";"-820";"280";"168";"977";"6935";"0"
"2020-03-11";"5838";"1028";"6866";"3724";"10590";"2076";"2313";"1045";"827";"12462";"73154";"";"800";"151";"951";"1125";"2076";"1547";"1336";"41";"196";"2313";"12393";"0"
"2020-03-12";"6650";"1153";"7803";"5036";"12839";"2249";"2651";"1258";"1016";"15113";"86011";"";"812";"125";"937";"1312";"2249";"173";"338";"213";"189";"2651";"12857";"0"
"2020-03-13";"7426";"1328";"8754";"6201";"14955";"2116";"2547";"1439";"1266";"17660";"97488";"";"776";"175";"951";"1165";"2116";"-133";"-104";"181";"250";"2547";"11477";"0"
"2020-03-14";"8372";"1518";"9890";"7860";"17750";"2795";"3497";"1966";"1441";"21157";"109170";"";"946";"190";"1136";"1659";"2795";"679";"950";"527";"175";"3497";"11682";"0"
"2020-03-15";"9663";"1672";"11335";"9268";"20603";"2853";"3590";"2335";"1809";"24747";"124899";"";"1291";"154";"1445";"1408";"2853";"58";"93";"369";"368";"3590";"15729";"0"
"2020-03-16";"11025";"1851";"12876";"10197";"23073";"2470";"3233";"2749";"2158";"27980";"137962";"";"1362";"179";"1541";"929";"2470";"-383";"-357";"414";"349";"3233";"13063";"0"
"2020-03-17";"12894";"2060";"14954";"11108";"26062";"2989";"3526";"2941";"2503";"31506";"148657";"";"1869";"209";"2078";"911";"2989";"519";"293";"192";"345";"3526";"10695";"0"
"2020-03-18";"14363";"2257";"16620";"12090";"28710";"2648";"4207";"4025";"2978";"35713";"165541";"";"1469";"197";"1666";"982";"2648";"-341";"681";"1084";"475";"4207";"16884";"0"
"2020-03-19";"15757";"2498";"18255";"14935";"33190";"4480";"5322";"4440";"3405";"41035";"182777";"";"1394";"241";"1635";"2845";"4480";"1832";"1115";"415";"427";"5322";"17236";"0"
"2020-03-20";"16020";"2655";"18675";"19185";"37860";"4670";"5986";"5129";"4032";"47021";"206886";"";"263";"157";"420";"4250";"4670";"190";"664";"689";"627";"5986";"24109";"0"
"2020-03-21";"17708";"2857";"20565";"22116";"42681";"4821";"6557";"6072";"4825";"53578";"233222";"";"1688";"202";"1890";"2931";"4821";"151";"571";"943";"793";"6557";"26336";"0"
"2020-03-22";"19846";"3009";"22855";"23783";"46638";"3957";"5560";"7024";"5476";"59138";"258402";"";"2138";"152";"2290";"1667";"3957";"-864";"-997";"952";"651";"5560";"25180";"0"
"2020-03-23";"20692";"3204";"23896";"26522";"50418";"3780";"4789";"7432";"6077";"63927";"275468";"";"846";"195";"1041";"2739";"3780";"-177";"-771";"408";"601";"4789";"17066";"0"
"2020-03-24";"21937";"3396";"25333";"28697";"54030";"3612";"5249";"8326";"6820";"69176";"296964";"";"1245";"192";"1437";"2175";"3612";"-168";"460";"894";"743";"5249";"21496";"0"
"2020-03-25";"23112";"3489";"26601";"30920";"57521";"3491";"5210";"9362";"7503";"74386";"324445";"";"1175";"93";"1268";"2223";"3491";"-121";"-39";"1036";"683";"5210";"27481";"0"
"2020-03-26";"24753";"3612";"28365";"33648";"62013";"4492";"6153";"10361";"8165";"80539";"361060";"";"1641";"123";"1764";"2728";"4492";"1001";"943";"999";"662";"6153";"36615";"0"
"2020-03-27";"26029";"3732";"29761";"36653";"66414";"4401";"5959";"10950";"9134";"86498";"394079";"";"1276";"120";"1396";"3005";"4401";"-91";"-194";"589";"969";"5959";"33019";"0"
"2020-03-28";"26676";"3856";"30532";"39533";"70065";"3651";"5974";"12384";"10023";"92472";"429526";"";"647";"124";"771";"2880";"3651";"-750";"15";"1434";"889";"5974";"35447";"0"
"2020-03-29";"27386";"3906";"31292";"42588";"73880";"3815";"5217";"13030";"10779";"97689";"454030";"";"710";"50";"760";"3055";"3815";"164";"-757";"646";"756";"5217";"24504";"0"
"2020-03-30";"27795";"3981";"31776";"43752";"75528";"1648";"4050";"14620";"11591";"101739";"477359";"";"409";"75";"484";"1164";"1648";"-2167";"-1167";"1590";"812";"4050";"23329";"0"
"2020-03-31";"28192";"4023";"32215";"45420";"77635";"2107";"4053";"15729";"12428";"105792";"506968";"";"397";"42";"439";"1668";"2107";"459";"3";"1109";"837";"4053";"29609";"0"
"2020-04-01";"28403";"4035";"32438";"48134";"80572";"2937";"4782";"16847";"13155";"110574";"541423";"";"211";"12";"223";"2714";"2937";"830";"729";"1118";"727";"4782";"34455";"0"
"2020-04-02";"28540";"4053";"32593";"50456";"83049";"2477";"4668";"18278";"13915";"115242";"581232";"";"137";"18";"155";"2322";"2477";"-460";"-114";"1431";"760";"4668";"39809";"0"
"2020-04-03";"28741";"4068";"32809";"52579";"85388";"2339";"4585";"19758";"14681";"119827";"619849";"";"201";"15";"216";"2123";"2339";"-138";"-83";"1480";"766";"4585";"38617";"0"
"2020-04-04";"29010";"3994";"33004";"55270";"88274";"2886";"4805";"20996";"15362";"124632";"657224";"";"269";"-74";"195";"2691";"2886";"547";"220";"1238";"681";"4805";"37375";"0"
"2020-04-05";"28949";"3977";"32926";"58320";"91246";"2972";"4316";"21815";"15887";"128948";"691461";"";"-61";"-17";"-78";"3050";"2972";"86";"-489";"819";"525";"4316";"34237";"0"
"2020-04-06";"28976";"3898";"32874";"60313";"93187";"1941";"3599";"22837";"16523";"132547";"721732";"";"27";"-79";"-52";"1993";"1941";"-1031";"-717";"1022";"636";"3599";"30271";"0"
"2020-04-07";"28718";"3792";"32510";"61557";"94067";"880";"3039";"24392";"17127";"135586";"755445";"";"-258";"-106";"-364";"1244";"880";"-1061";"-560";"1555";"604";"3039";"33713";"0"
"2020-04-08";"28485";"3693";"32178";"63084";"95262";"1195";"3836";"26491";"17669";"139422";"807125";"";"-233";"-99";"-332";"1527";"1195";"315";"797";"2099";"542";"3836";"51680";"0"
"2020-04-09";"28399";"3605";"32004";"64873";"96877";"1615";"4204";"28470";"18279";"143626";"853369";"";"-86";"-88";"-174";"1789";"1615";"420";"368";"1979";"610";"4204";"46244";"0"
"2020-04-10";"28242";"3497";"31739";"66534";"98273";"1396";"3951";"30455";"18849";"147577";"906864";"";"-157";"-108";"-265";"1661";"1396";"-219";"-253";"1985";"570";"3951";"53495";"0"
"2020-04-11";"28144";"3381";"31525";"68744";"100269";"1996";"4694";"32534";"19468";"152271";"963473";"";"-98";"-116";"-214";"2210";"1996";"600";"743";"2079";"619";"4694";"56609";"0"
"2020-04-12";"27847";"3343";"31190";"71063";"102253";"1984";"4092";"34211";"19899";"156363";"1010193";"";"-297";"-38";"-335";"2319";"1984";"-12";"-602";"1677";"431";"4092";"46720";"0"
"2020-04-13";"28023";"3260";"31283";"72333";"103616";"1363";"3153";"35435";"20465";"159516";"1046910";"";"176";"-83";"93";"1270";"1363";"-621";"-939";"1224";"566";"3153";"36717";"0"
"2020-04-14";"28011";"3186";"31197";"73094";"104291";"675";"2972";"37130";"21067";"162488";"1073689";"";"-12";"-74";"-86";"761";"675";"-688";"-181";"1695";"602";"2972";"26779";"0"
"2020-04-15";"27643";"3079";"30722";"74696";"105418";"1127";"2667";"38092";"21645";"165155";"1117404";"";"-368";"-107";"-475";"1602";"1127";"452";"-305";"962";"578";"2667";"43715";"0"
"2020-04-16";"26893";"2936";"29829";"76778";"106607";"1189";"3786";"40164";"22170";"168941";"1178403";"";"-750";"-143";"-893";"2082";"1189";"62";"1119";"2072";"525";"3786";"60999";"0"
"2020-04-17";"25786";"2812";"28598";"78364";"106962";"355";"3493";"42727";"22745";"172434";"1244108";"";"-1107";"-124";"-1231";"1586";"355";"-834";"-293";"2563";"575";"3493";"65705";"0"
"2020-04-18";"25007";"2733";"27740";"80031";"107771";"809";"3491";"44927";"23227";"175925";"1305833";"";"-779";"-79";"-858";"1667";"809";"454";"-2";"2200";"482";"3491";"61725";"0"
"2020-04-19";"25033";"2635";"27668";"80589";"108257";"486";"3047";"47055";"23660";"178972";"1356541";"935310";"26";"-98";"-72";"558";"486";"-323";"-444";"2128";"433";"3047";"50708";"935310"
"2020-04-20";"24906";"2573";"27479";"80758";"108237";"-20";"2256";"48877";"24114";"181228";"1398024";"943151";"-127";"-62";"-189";"169";"-20";"-506";"-791";"1822";"454";"2256";"41483";"7841"
"2020-04-21";"24134";"2471";"26605";"81104";"107709";"-528";"2729";"51600";"24648";"183957";"1450150";"971246";"-772";"-102";"-874";"346";"-528";"-508";"473";"2723";"534";"2729";"52126";"28095"
"2020-04-22";"23805";"2384";"26189";"81510";"107699";"-10";"3370";"54543";"25085";"187327";"1513251";"1015494";"-329";"-87";"-416";"406";"-10";"518";"641";"2943";"437";"3370";"63101";"44248"
"2020-04-23";"22871";"2267";"25138";"81710";"106848";"-851";"2646";"57576";"25549";"189973";"1579909";"1052577";"-934";"-117";"-1051";"200";"-851";"-841";"-724";"3033";"464";"2646";"66658";"37083"
"2020-04-24";"22068";"2173";"24241";"82286";"106527";"-321";"3021";"60498";"25969";"192994";"1642356";"1147850";"-803";"-94";"-897";"576";"-321";"530";"375";"2922";"420";"3021";"62447";"95273"
"2020-04-25";"21533";"2102";"23635";"82212";"105847";"-680";"2357";"63120";"26384";"195351";"1707743";"1186526";"-535";"-71";"-606";"-74";"-680";"-359";"-664";"2622";"415";"2357";"65387";"38676"
"2020-04-26";"21372";"2009";"23381";"82722";"106103";"256";"2324";"64928";"26644";"197675";"1757659";"1210639";"-161";"-93";"-254";"510";"256";"936";"-33";"1808";"260";"2324";"49916";"24113"
"2020-04-27";"20353";"1956";"22309";"83504";"105813";"-290";"1739";"66624";"26977";"199414";"1789662";"1237317";"-1019";"-53";"-1072";"782";"-290";"-546";"-585";"1696";"333";"1739";"32003";"26678"
"2020-04-28";"19723";"1863";"21586";"83619";"105205";"-608";"2091";"68941";"27359";"201505";"1846934";"1274871";"-630";"-93";"-723";"115";"-608";"-318";"352";"2317";"382";"2091";"57272";"37554"
"2020-04-29";"19210";"1795";"21005";"83652";"104657";"-548";"2086";"71252";"27682";"203591";"1910761";"1313460";"-513";"-68";"-581";"33";"-548";"60";"-5";"2311";"323";"2086";"63827";"38589"
"2020-04-30";"18149";"1694";"19843";"81708";"101551";"-3106";"1872";"75945";"27967";"205463";"1979217";"1354901";"-1061";"-101";"-1162";"-1944";"-3106";"-2558";"-214";"4693";"285";"1872";"68456";"41441"
"2020-05-01";"17569";"1578";"19147";"81796";"100943";"-608";"1965";"78249";"28236";"207428";"2053425";"1398633";"-580";"-116";"-696";"88";"-608";"2498";"93";"2304";"269";"1965";"74208";"43732"
"2020-05-02";"17357";"1539";"18896";"81808";"100704";"-239";"1900";"79914";"28710";"209328";"2108837";"1429864";"-212";"-39";"-251";"12";"-239";"369";"-65";"1665";"474";"1900";"55412";"31231"
"2020-05-03";"17242";"1501";"18743";"81436";"100179";"-525";"1389";"81654";"28884";"210717";"2153772";"1456911";"-115";"-38";"-153";"-372";"-525";"-286";"-511";"1740";"174";"1389";"44935";"27047"
"2020-05-04";"16823";"1479";"18302";"81678";"99980";"-199";"1221";"82879";"29079";"211938";"2191403";"1479910";"-419";"-22";"-441";"242";"-199";"326";"-168";"1225";"195";"1221";"37631";"22999"
"2020-05-05";"16270";"1427";"17697";"80770";"98467";"-1513";"1075";"85231";"29315";"213013";"2246666";"1512121";"-553";"-52";"-605";"-908";"-1513";"-1314";"-146";"2352";"236";"1075";"55263";"32211"
"2020-05-06";"15769";"1333";"17102";"74426";"91528";"-6939";"1444";"93245";"29684";"214457";"2310929";"1549892";"-501";"-94";"-595";"-6344";"-6939";"-5426";"369";"8014";"369";"1444";"64263";"37771"
"2020-05-07";"15174";"1311";"16485";"73139";"89624";"-1904";"1401";"96276";"29958";"215858";"2381288";"1563557";"-595";"-22";"-617";"-1287";"-1904";"5035";"-43";"3031";"274";"1401";"70359";"13665"
"2020-05-08";"14636";"1168";"15804";"72157";"87961";"-1663";"1327";"99023";"30201";"217185";"2445063";"1608985";"-538";"-143";"-681";"-982";"-1663";"241";"-74";"2747";"243";"1327";"63775";"45428"
"2020-05-09";"13834";"1034";"14868";"69974";"84842";"-3119";"1083";"103031";"30395";"218268";"2514234";"1645076";"-802";"-134";"-936";"-2183";"-3119";"-1456";"-244";"4008";"194";"1083";"69171";"36091"
"2020-05-10";"13618";"1027";"14645";"68679";"83324";"-1518";"802";"105186";"30560";"219070";"2565912";"1676460";"-216";"-7";"-223";"-1295";"-1518";"1601";"-281";"2155";"165";"802";"51678";"31384"
"2020-05-11";"13539";"999";"14538";"67950";"82488";"-836";"744";"106587";"30739";"219814";"2606652";"1702283";"-79";"-28";"-107";"-729";"-836";"682";"-58";"1401";"179";"744";"40740";"25823"
"2020-05-12";"12865";"952";"13817";"67449";"81266";"-1222";"1402";"109039";"30911";"221216";"2673655";"1741903";"-674";"-47";"-721";"-501";"-1222";"-386";"658";"2452";"172";"1402";"67003";"39620"
"2020-05-13";"12172";"893";"13065";"65392";"78457";"-2809";"888";"112541";"31106";"222104";"2735628";"1778952";"-693";"-59";"-752";"-2057";"-2809";"-1587";"-514";"3502";"195";"888";"61973";"37049"
"2020-05-14";"11453";"855";"12308";"64132";"76440";"-2017";"992";"115288";"31368";"223096";"2807504";"1820083";"-719";"-38";"-757";"-1260";"-2017";"792";"104";"2747";"262";"992";"71876";"41131"
"2020-05-15";"10792";"808";"11600";"60470";"72070";"-4370";"789";"120205";"31610";"223885";"2875680";"1859110";"-661";"-47";"-708";"-3662";"-4370";"-2353";"-203";"4917";"242";"789";"68176";"39027"
"2020-05-16";"10400";"775";"11175";"59012";"70187";"-1883";"875";"122810";"31763";"224760";"2944859";"1899767";"-392";"-33";"-425";"-1458";"-1883";"2487";"86";"2605";"153";"875";"69179";"40657"
"2020-05-17";"10311";"762";"11073";"57278";"68351";"-1836";"675";"125176";"31908";"225435";"3004960";"1933272";"-89";"-13";"-102";"-1734";"-1836";"47";"-200";"2366";"145";"675";"60101";"33505"
"2020-05-18";"10207";"749";"10956";"55597";"66553";"-1798";"451";"127326";"32007";"225886";"3041366";"1959373";"-104";"-13";"-117";"-1681";"-1798";"38";"-224";"2150";"99";"451";"36406";"26101"
"2020-05-19";"9991";"716";"10707";"54422";"65129";"-1424";"813";"129401";"32169";"226699";"3104524";"1999599";"-216";"-33";"-249";"-1175";"-1424";"374";"362";"2075";"162";"813";"63158";"40226"
"2020-05-20";"9624";"676";"10300";"52452";"62752";"-2377";"665";"132282";"32330";"227364";"3171719";"2038216";"-367";"-40";"-407";"-1970";"-2377";"-953";"-148";"2881";"161";"665";"67195";"38617"
"2020-05-21";"9269";"640";"9909";"51051";"60960";"-1792";"642";"134560";"32486";"228006";"3243398";"2078860";"-355";"-36";"-391";"-1401";"-1792";"585";"-23";"2278";"156";"642";"71679";"40644"
"2020-05-22";"8957";"595";"9552";"49770";"59322";"-1638";"652";"136720";"32616";"228658";"3318778";"2121847";"-312";"-45";"-357";"-1281";"-1638";"154";"10";"2160";"130";"652";"75380";"42987"
"2020-05-23";"8695";"572";"9267";"48485";"57752";"-1570";"669";"138840";"32735";"229327";"3391188";"2164426";"-262";"-23";"-285";"-1285";"-1570";"68";"17";"2120";"119";"669";"72410";"42579"
"2020-05-24";"8613";"553";"9166";"47428";"56594";"-1158";"531";"140479";"32785";"229858";"3447012";"2198632";"-82";"-19";"-101";"-1057";"-1158";"412";"-138";"1639";"50";"531";"55824";"34206"
"2020-05-25";"8185";"541";"8726";"46574";"55300";"-1294";"300";"141981";"32877";"230158";"3482253";"2219308";"-428";"-12";"-440";"-854";"-1294";"-136";"-231";"1502";"92";"300";"35241";"20676"
"2020-05-26";"7917";"521";"8438";"44504";"52942";"-2358";"397";"144658";"32955";"230555";"3539927";"2253252";"-268";"-20";"-288";"-2070";"-2358";"-1064";"97";"2677";"78";"397";"57674";"33944"
"2020-05-27";"7729";"505";"8234";"42732";"50966";"-1976";"584";"147101";"33072";"231139";"3607251";"2290551";"-188";"-16";"-204";"-1772";"-1976";"382";"187";"2443";"117";"584";"67324";"37299"
"2020-05-28";"7379";"489";"7868";"40118";"47986";"-2980";"593";"150604";"33142";"231732";"3683144";"2330389";"-350";"-16";"-366";"-2614";"-2980";"-1004";"9";"3503";"70";"593";"75893";"39838"
"2020-05-29";"7094";"475";"7569";"38606";"46175";"-1811";"516";"152844";"33229";"232248";"3755279";"2368622";"-285";"-14";"-299";"-1512";"-1811";"1169";"-77";"2240";"87";"516";"72135";"38233"
"2020-05-30";"6680";"450";"7130";"36561";"43691";"-2484";"416";"155633";"33340";"232664";"3824621";"2404673";"-414";"-25";"-439";"-2045";"-2484";"-673";"-100";"2789";"111";"416";"69342";"36051"
"2020-05-31";"6387";"435";"6822";"35275";"42097";"-1594";"355";"157507";"33415";"233019";"3878739";"2433621";"-293";"-15";"-308";"-1286";"-1594";"890";"-61";"1874";"75";"355";"54118";"28948"
"2020-06-01";"6099";"424";"6523";"34844";"41367";"-730";"178";"158355";"33475";"233197";"3910133";"2451674";"-288";"-11";"-299";"-431";"-730";"864";"-177";"848";"60";"178";"31394";"18053"
"2020-06-02";"5916";"408";"6324";"33569";"39893";"-1474";"318";"160092";"33530";"233515";"3962292";"2477302";"-183";"-16";"-199";"-1275";"-1474";"-744";"140";"1737";"55";"318";"52159";"25628"
"2020-06-03";"5742";"353";"6095";"33202";"39297";"-596";"321";"160938";"33601";"233836";"3999591";"2497337";"-174";"-55";"-229";"-367";"-596";"878";"3";"846";"71";"321";"37299";"20035"
"2020-06-04";"5503";"338";"5841";"32588";"38429";"-868";"177";"161895";"33689";"234013";"4049544";"2524788";"-239";"-15";"-254";"-614";"-868";"-272";"-144";"957";"88";"177";"49953";"27451"
"2020-06-05";"5301";"316";"5617";"31359";"36976";"-1453";"518";"163781";"33774";"234531";"4114572";"2565258";"-202";"-22";"-224";"-1229";"-1453";"-585";"341";"1886";"85";"518";"65028";"40470"
"2020-06-06";"5002";"293";"5295";"30582";"35877";"-1099";"270";"165078";"33846";"234801";"4187057";"2599294";"-299";"-23";"-322";"-777";"-1099";"354";"-248";"1297";"72";"270";"72485";"34036"
"2020-06-07";"4864";"287";"5151";"30111";"35262";"-615";"197";"165837";"33899";"234998";"4236535";"2627188";"-138";"-6";"-144";"-471";"-615";"484";"-73";"759";"53";"197";"49478";"27894"
"2020-06-08";"4729";"283";"5012";"29718";"34730";"-532";"280";"166584";"33964";"235278";"4263647";"2643489";"-135";"-4";"-139";"-393";"-532";"83";"83";"747";"65";"280";"27112";"16301"
"2020-06-09";"4581";"263";"4844";"28028";"32872";"-1858";"283";"168646";"34043";"235561";"4318650";"2675689";"-148";"-20";"-168";"-1690";"-1858";"-1326";"3";"2062";"79";"283";"55003";"32200"
"2020-06-10";"4320";"249";"4569";"27141";"31710";"-1162";"202";"169939";"34114";"235763";"4381349";"2713554";"-261";"-14";"-275";"-887";"-1162";"696";"-81";"1293";"71";"202";"62699";"37865"
"2020-06-11";"4131";"236";"4367";"26270";"30637";"-1073";"379";"171338";"34167";"236142";"4443821";"2746545";"-189";"-13";"-202";"-871";"-1073";"89";"177";"1399";"53";"379";"62472";"32991"
"2020-06-12";"3893";"227";"4120";"24877";"28997";"-1640";"163";"173085";"34223";"236305";"4514441";"2784196";"-238";"-9";"-247";"-1393";"-1640";"-567";"-216";"1747";"56";"163";"70620";"37651"
"2020-06-13";"3747";"220";"3967";"23518";"27485";"-1512";"346";"174865";"34301";"236651";"4564191";"2817076";"-146";"-7";"-153";"-1359";"-1512";"128";"183";"1780";"78";"346";"49750";"32880"
"2020-06-14";"3594";"209";"3803";"22471";"26274";"-1211";"338";"176370";"34345";"236989";"4620718";"2846621";"-153";"-11";"-164";"-1047";"-1211";"301";"-8";"1505";"44";"338";"56527";"29545"
"2020-06-15";"3489";"207";"3696";"22213";"25909";"-365";"303";"177010";"34371";"237290";"4648825";"2864084";"-105";"-2";"-107";"-258";"-365";"846";"-35";"640";"26";"301";"28107";"17463"
"2020-06-16";"3301";"177";"3478";"21091";"24569";"-1340";"210";"178526";"34405";"237500";"4695707";"2891846";"-188";"-30";"-218";"-1122";"-1340";"-975";"-93";"1516";"34";"210";"46882";"27762"
"2020-06-17";"3113";"163";"3276";"20649";"23925";"-644";"329";"179455";"34448";"237828";"4773408";"2925803";"-188";"-14";"-202";"-442";"-644";"696";"119";"929";"43";"328";"77701";"33957"
"2020-06-18";"2867";"168";"3035";"20066";"23101";"-824";"333";"180544";"34514";"238159";"4831562";"2958724";"-246";"5";"-241";"-583";"-824";"-180";"4";"1089";"66";"331";"58154";"32921"
"2020-06-19";"2632";"161";"2793";"18750";"21543";"-1558";"251";"181907";"34561";"238011";"4889103";"2987294";"-235";"-7";"-242";"-1316";"-1558";"-734";"-82";"1363";"47";"-148";"57541";"28570"
"2020-06-20";"2474";"152";"2626";"18586";"21212";"-331";"262";"182453";"34610";"238275";"4943825";"3017169";"-158";"-9";"-167";"-164";"-331";"1227";"11";"546";"49";"264";"54722";"29875"
"2020-06-21";"2314";"148";"2462";"18510";"20972";"-240";"224";"182893";"34634";"238499";"4984370";"3041750";"-160";"-4";"-164";"-76";"-240";"91";"-38";"440";"24";"224";"40545";"24581"
"2020-06-22";"2038";"127";"2165";"18472";"20637";"-335";"218";"183426";"34657";"238720";"5013342";"3057902";"-276";"-21";"-297";"-38";"-335";"-95";"-6";"533";"23";"221";"28972";"16152"
"2020-06-23";"1853";"115";"1968";"17605";"19573";"-1064";"122";"184585";"34675";"238833";"5053827";"3081127";"-185";"-12";"-197";"-867";"-1064";"-729";"-96";"1159";"18";"113";"40485";"23225"
"2020-06-24";"1610";"107";"1717";"16938";"18655";"-918";"190";"186111";"34644";"239410";"5107093";"3111364";"-243";"-8";"-251";"-667";"-918";"146";"68";"1526";"-31";"577";"53266";"30237"
"2020-06-25";"1515";"103";"1618";"16685";"18303";"-352";"296";"186725";"34678";"239706";"5163154";"3140785";"-95";"-4";"-99";"-253";"-352";"566";"106";"614";"34";"296";"56061";"29421"
"2020-06-26";"1356";"105";"1461";"16177";"17638";"-665";"259";"187615";"34708";"239961";"5215922";"3169116";"-159";"2";"-157";"-508";"-665";"-313";"-37";"890";"30";"255";"52768";"28331"
"2020-06-27";"1260";"97";"1357";"15479";"16836";"-802";"175";"188584";"34716";"240136";"5277273";"3198837";"-96";"-8";"-104";"-698";"-802";"-137";"-84";"969";"8";"175";"61351";"29721"
"2020-06-28";"1160";"98";"1258";"15423";"16681";"-155";"174";"188891";"34738";"240310";"5314619";"3220020";"-100";"1";"-99";"-56";"-155";"647";"-1";"307";"22";"174";"37346";"21183"
"2020-06-29";"1120";"96";"1216";"15280";"16496";"-185";"126";"189196";"34744";"240436";"5341837";"3235504";"-40";"-2";"-42";"-143";"-185";"-30";"-48";"305";"6";"126";"27218";"15484"
"2020-06-30";"1090";"93";"1183";"14380";"15563";"-933";"142";"190248";"34767";"240578";"5390110";"3263975";"-30";"-3";"-33";"-900";"-933";"-748";"16";"1052";"23";"142";"48273";"28471"
"2020-07-01";"1025";"87";"1112";"14143";"15255";"-308";"187";"190717";"34788";"240760";"5445476";"3293300";"-65";"-6";"-71";"-237";"-308";"625";"45";"469";"21";"182";"55366";"29325"
"2020-07-02";"963";"82";"1045";"14015";"15060";"-195";"201";"191083";"34818";"240961";"5498719";"3322447";"-62";"-5";"-67";"-128";"-195";"113";"14";"366";"30";"201";"53243";"29147"
"2020-07-03";"956";"79";"1035";"13849";"14884";"-176";"223";"191467";"34833";"241184";"5548815";"3348127";"-7";"-3";"-10";"-166";"-176";"19";"22";"384";"15";"223";"50096";"25680"
"2020-07-04";"940";"71";"1011";"13610";"14621";"-263";"235";"191944";"34854";"241419";"5600826";"3377073";"-16";"-8";"-24";"-239";"-263";"-87";"12";"477";"21";"235";"52011";"28946"
"2020-07-05";"945";"74";"1019";"13623";"14642";"21";"192";"192108";"34861";"241611";"5638288";"3398239";"5";"3";"8";"13";"21";"284";"-43";"164";"7";"192";"37462";"21166"
"2020-07-06";"946";"72";"1018";"13691";"14709";"67";"208";"192241";"34869";"241819";"5660454";"3412010";"1";"-2";"-1";"68";"67";"46";"16";"133";"8";"208";"22166";"13771"
"2020-07-07";"940";"70";"1010";"13232";"14242";"-467";"138";"192815";"34899";"241956";"5703673";"3434500";"-6";"-2";"-8";"-459";"-467";"-534";"-70";"574";"30";"137";"43219";"22490"
"2020-07-08";"899";"71";"970";"12625";"13595";"-647";"193";"193640";"34914";"242149";"5754116";"3463179";"-41";"1";"-40";"-607";"-647";"-180";"55";"825";"15";"193";"50443";"28679"
"2020-07-09";"871";"69";"940";"12519";"13459";"-136";"229";"193978";"34926";"242363";"5806668";"3493126";"-28";"-2";"-30";"-106";"-136";"511";"36";"338";"12";"214";"52552";"29947"
"2020-07-10";"844";"65";"909";"12519";"13428";"-31";"276";"194273";"34938";"242639";"5854621";"3520377";"-27";"-4";"-31";"0";"-31";"105";"47";"295";"12";"276";"47953";"27251"
"2020-07-11";"826";"67";"893";"12410";"13303";"-125";"188";"194579";"34945";"242827";"5900552";"3545826";"-18";"2";"-16";"-109";"-125";"-94";"-88";"306";"7";"188";"45931";"25449"
"2020-07-12";"776";"68";"844";"12335";"13179";"-124";"234";"194928";"34954";"243061";"5938811";"3568887";"-50";"1";"-49";"-75";"-124";"1";"46";"349";"9";"234";"38259";"23061"
"2020-07-13";"768";"65";"833";"12324";"13157";"-22";"169";"195106";"34967";"243230";"5962744";"3582893";"-8";"-3";"-11";"-11";"-22";"102";"-65";"178";"13";"169";"23933";"14006"
"2020-07-14";"777";"60";"837";"12082";"12919";"-238";"114";"195441";"34984";"243344";"6004611";"3607115";"9";"-5";"4";"-242";"-238";"-216";"-55";"335";"17";"114";"41867";"24222"
"2020-07-15";"797";"57";"854";"11639";"12493";"-426";"163";"196016";"34997";"243506";"6053060";"3635507";"20";"-3";"17";"-443";"-426";"-188";"49";"575";"13";"162";"48449";"28392"
"2020-07-16";"750";"53";"803";"11670";"12473";"-20";"230";"196246";"35017";"243736";"6103492";"3663596";"-47";"-4";"-51";"31";"-20";"406";"67";"230";"20";"230";"50432";"28089"
"2020-07-17";"771";"50";"821";"11635";"12456";"-17";"233";"196483";"35028";"243967";"6154259";"3692257";"21";"-3";"18";"-35";"-17";"3";"3";"237";"11";"231";"50767";"28661"
"2020-07-18";"757";"50";"807";"11561";"12368";"-88";"249";"196806";"35042";"244216";"6202524";"3719826";"-14";"0";"-14";"-74";"-88";"-71";"16";"323";"14";"249";"48265";"27569"
"2020-07-19";"743";"49";"792";"11648";"12440";"72";"219";"196949";"35045";"244434";"6238049";"3740447";"-14";"-1";"-15";"87";"72";"160";"-30";"143";"3";"218";"35525";"20621"
"2020-07-20";"745";"47";"792";"11612";"12404";"-36";"190";"197162";"35058";"244624";"6262302";"3754568";"2";"-2";"0";"-36";"-36";"-108";"-29";"213";"13";"190";"24253";"14121"
"2020-07-21";"732";"49";"781";"11467";"12248";"-156";"129";"197431";"35073";"244752";"6305412";"3778483";"-13";"2";"-11";"-145";"-156";"-120";"-61";"269";"15";"128";"43110";"23915"
"2020-07-22";"724";"48";"772";"11550";"12322";"74";"282";"197628";"35082";"245032";"6354730";"3807771";"-8";"-1";"-9";"83";"74";"230";"153";"197";"9";"280";"49318";"29288"
"2020-07-23";"713";"49";"762";"11642";"12404";"82";"306";"197842";"35092";"245338";"6415041";"3840789";"-11";"1";"-10";"92";"82";"8";"24";"214";"10";"306";"60311";"33018"
"2020-07-24";"713";"46";"759";"11542";"12301";"-103";"252";"198192";"35097";"245590";"6468375";"3869759";"0";"-3";"-3";"-100";"-103";"-185";"-54";"350";"5";"252";"53334";"28970"
"2020-07-25";"731";"41";"772";"11670";"12442";"141";"275";"198320";"35102";"245864";"6520046";"3897818";"18";"-5";"13";"128";"141";"244";"23";"128";"5";"274";"51671";"28059"
"2020-07-26";"735";"44";"779";"11786";"12565";"123";"255";"198446";"35107";"246118";"6560572";"3922995";"4";"3";"7";"116";"123";"-18";"-20";"126";"5";"254";"40526";"25177"
"2020-07-27";"740";"45";"785";"11796";"12581";"16";"170";"198593";"35112";"246286";"6586123";"3942369";"5";"1";"6";"10";"16";"-107";"-85";"147";"5";"168";"25551";"19374"
"2020-07-28";"749";"40";"789";"11820";"12609";"28";"212";"198756";"35123";"246488";"6634293";"3967710";"9";"-5";"4";"24";"28";"12";"42";"163";"11";"202";"48170";"25341"
"2020-07-29";"731";"38";"769";"11847";"12616";"7";"289";"199031";"35129";"246776";"6690311";"3998585";"-18";"-2";"-20";"27";"7";"-21";"77";"275";"6";"288";"56018";"30875"
"2020-07-30";"748";"47";"795";"11435";"12230";"-386";"386";"199796";"35132";"247158";"6752169";"4031981";"17";"9";"26";"-412";"-386";"-393";"97";"765";"3";"382";"61858";"33396"
"2020-07-31";"716";"41";"757";"11665";"12422";"192";"379";"199974";"35141";"247537";"6813113";"4061667";"-32";"-6";"-38";"230";"192";"578";"-7";"178";"9";"379";"60944";"29686"
"2020-08-01";"705";"43";"748";"11709";"12457";"35";"295";"200229";"35146";"247832";"6873496";"4093572";"-11";"2";"-9";"44";"35";"-157";"-84";"255";"5";"295";"60383";"31905"
"2020-08-02";"708";"42";"750";"11706";"12456";"-1";"239";"200460";"35154";"248070";"6916765";"4118068";"3";"-1";"2";"-3";"-1";"-36";"-56";"231";"8";"238";"43269";"24496"
"2020-08-03";"734";"41";"775";"11699";"12474";"18";"159";"200589";"35166";"248229";"6940801";"4131535";"26";"-1";"25";"-7";"18";"19";"-80";"129";"12";"159";"24036";"13467"
"2020-08-04";"761";"41";"802";"11680";"12482";"8";"190";"200766";"35171";"248419";"6984589";"4155026";"27";"0";"27";"-19";"8";"-10";"31";"177";"5";"190";"43788";"23491"
"2020-08-05";"764";"41";"805";"11841";"12646";"164";"384";"200976";"35181";"248803";"7041040";"4184765";"3";"0";"3";"161";"164";"156";"194";"210";"10";"384";"56451";"29739"
"2020-08-06";"762";"42";"804";"11890";"12694";"48";"402";"201323";"35187";"249204";"7099713";"4216934";"-2";"1";"-1";"49";"48";"-116";"18";"347";"6";"401";"58673";"32169"
"2020-08-07";"779";"42";"821";"12103";"12924";"230";"552";"201642";"35190";"249756";"7158909";"4247326";"17";"0";"17";"213";"230";"182";"150";"319";"3";"552";"59196";"30392"
"2020-08-08";"771";"43";"814";"12139";"12953";"29";"347";"201947";"35203";"250103";"7212207";"4273957";"-8";"1";"-7";"36";"29";"-201";"-205";"305";"13";"347";"53298";"26631"
"2020-08-09";"763";"45";"808";"12455";"13263";"310";"463";"202098";"35205";"250566";"7249844";"4296730";"-8";"2";"-6";"316";"310";"281";"116";"151";"2";"463";"37637";"22773"
"2020-08-10";"779";"46";"825";"12543";"13368";"105";"259";"202248";"35209";"250825";"7276276";"4307634";"16";"1";"17";"88";"105";"-205";"-204";"150";"4";"259";"26432";"10904"
"2020-08-11";"801";"49";"850";"12711";"13561";"193";"412";"202461";"35215";"251237";"7316918";"4329697";"22";"3";"25";"168";"193";"88";"153";"213";"6";"412";"40642";"22063"
"2020-08-12";"779";"53";"832";"12959";"13791";"230";"481";"202697";"35225";"251713";"7369576";"4357027";"-22";"4";"-18";"248";"230";"37";"69";"236";"10";"476";"52658";"27330"
"2020-08-13";"786";"55";"841";"13240";"14081";"290";"523";"202923";"35231";"252235";"7420764";"4382656";"7";"2";"9";"281";"290";"60";"42";"226";"6";"522";"51188";"25629"
"2020-08-14";"771";"56";"827";"13422";"14249";"168";"574";"203326";"35234";"252809";"7467487";"4407524";"-15";"1";"-14";"182";"168";"-122";"51";"403";"3";"574";"46723";"24868"
"2020-08-15";"764";"55";"819";"13587";"14406";"157";"629";"203640";"35392";"253438";"7520610";"4433461";"-7";"-1";"-8";"165";"157";"-11";"55";"314";"158";"629";"53123";"25937"
"2020-08-16";"787";"56";"843";"13890";"14733";"327";"479";"203786";"35396";"253915";"7557417";"4455931";"23";"1";"24";"303";"327";"170";"-150";"146";"4";"477";"36807";"22470"
"2020-08-17";"810";"58";"868";"13999";"14867";"134";"320";"203968";"35400";"254235";"7588083";"4477310";"23";"2";"25";"109";"134";"-193";"-159";"182";"4";"320";"30666";"21379"
"2020-08-18";"843";"58";"901";"14188";"15089";"222";"403";"204142";"35405";"254636";"7642059";"4509997";"33";"0";"33";"189";"222";"88";"83";"174";"5";"401";"53976";"32687"
"2020-08-19";"866";"66";"932";"14428";"15360";"271";"642";"204506";"35412";"255278";"7713154";"4551287";"23";"8";"31";"240";"271";"49";"239";"364";"7";"642";"71095";"41290"
"2020-08-20";"883";"68";"951";"15063";"16014";"654";"845";"204686";"35418";"256118";"7790596";"4600949";"17";"2";"19";"635";"654";"383";"203";"180";"6";"840";"77442";"49662"
"2020-08-21";"919";"69";"988";"15690";"16678";"664";"947";"204960";"35427";"257065";"7862592";"4645892";"36";"1";"37";"627";"664";"10";"102";"274";"9";"947";"71996";"44943"
"2020-08-22";"924";"64";"988";"16515";"17503";"825";"1071";"205203";"35430";"258136";"7940266";"4692505";"5";"-5";"0";"825";"825";"161";"124";"243";"3";"1071";"77674";"46613"
"2020-08-23";"971";"69";"1040";"17398";"18438";"935";"1210";"205470";"35437";"259345";"8007637";"4739968";"47";"5";"52";"883";"935";"110";"139";"267";"7";"1209";"67371";"47463"
"2020-08-24";"1045";"65";"1110";"18085";"19195";"757";"953";"205662";"35441";"260298";"8053551";"4773326";"74";"-4";"70";"687";"757";"-178";"-257";"192";"4";"953";"45914";"33358"
"2020-08-25";"1058";"66";"1124";"18590";"19714";"519";"878";"206015";"35445";"261174";"8125892";"4819124";"13";"1";"14";"505";"519";"-238";"-75";"353";"4";"876";"72341";"45798"
"2020-08-26";"1055";"69";"1124";"19629";"20753";"1039";"1367";"206329";"35458";"262540";"8219421";"4877178";"-3";"3";"0";"1039";"1039";"520";"489";"314";"13";"1366";"93529";"58054"
"2020-08-27";"1131";"67";"1198";"20734";"21932";"1179";"1411";"206554";"35463";"263949";"8313445";"4934818";"76";"-2";"74";"1105";"1179";"140";"44";"225";"5";"1409";"94024";"57640"
"2020-08-28";"1178";"74";"1252";"21783";"23035";"1103";"1462";"206902";"35472";"265409";"8410510";"4999953";"47";"7";"54";"1049";"1103";"-76";"51";"348";"9";"1460";"97065";"65135"
"2020-08-29";"1168";"79";"1247";"22909";"24156";"1121";"1444";"207224";"35473";"266853";"8509618";"5064247";"-10";"5";"-5";"1126";"1121";"18";"-18";"322";"1";"1444";"99108";"64294"
"2020-08-30";"1251";"86";"1337";"23868";"25205";"1049";"1365";"207536";"35477";"268218";"8586341";"5117788";"83";"7";"90";"959";"1049";"-72";"-79";"312";"4";"1365";"76723";"53541"
"2020-08-31";"1288";"94";"1382";"24696";"26078";"873";"996";"207653";"35483";"269214";"8644859";"5160371";"37";"8";"45";"828";"873";"-176";"-369";"117";"6";"996";"58518";"42583"
"2020-09-01";"1380";"107";"1487";"25267";"26754";"676";"978";"207944";"35491";"270189";"8725909";"5214766";"92";"13";"105";"571";"676";"-197";"-18";"291";"8";"975";"81050";"54395"
"2020-09-02";"1437";"109";"1546";"26271";"27817";"1063";"1326";"208201";"35497";"271515";"8828868";"5280948";"57";"2";"59";"1004";"1063";"387";"348";"257";"6";"1326";"102959";"66182"
"2020-09-03";"1505";"120";"1625";"27290";"28915";"1098";"1397";"208490";"35507";"272912";"8921658";"5342150";"68";"11";"79";"1019";"1098";"35";"71";"289";"10";"1397";"92790";"61202"
"2020-09-04";"1607";"121";"1728";"28371";"30099";"1184";"1733";"209027";"35518";"274644";"9034743";"5414708";"102";"1";"103";"1081";"1184";"86";"336";"537";"11";"1732";"113085";"72558"
"2020-09-05";"1620";"121";"1741";"29453";"31194";"1095";"1694";"209610";"35533";"276337";"9142401";"5484345";"13";"0";"13";"1082";"1095";"-89";"-39";"583";"15";"1693";"107658";"69637"
"2020-09-06";"1683";"133";"1816";"30262";"32078";"884";"1297";"210015";"35541";"277634";"9219257";"5538028";"63";"12";"75";"809";"884";"-211";"-397";"405";"8";"1297";"76856";"53683"
"2020-09-07";"1719";"142";"1861";"31132";"32993";"915";"1108";"210238";"35553";"278784";"9271810";"5578731";"36";"9";"45";"870";"915";"31";"-189";"223";"12";"1150";"52553";"40703"
"2020-09-08";"1760";"143";"1903";"31886";"33789";"796";"1370";"210801";"35563";"280153";"9364213";"5636663";"41";"1";"42";"754";"796";"-119";"262";"563";"10";"1369";"92403";"57932"
"2020-09-09";"1778";"150";"1928";"32806";"34734";"945";"1434";"211272";"35577";"281583";"9460203";"5699709";"18";"7";"25";"920";"945";"149";"64";"471";"14";"1430";"95990";"63046"
"2020-09-10";"1836";"164";"2000";"33708";"35708";"974";"1597";"211885";"35587";"283180";"9554389";"5757488";"58";"14";"72";"902";"974";"29";"163";"613";"10";"1597";"94186";"57779"
"2020-09-11";"1849";"175";"2024";"34743";"36767";"1059";"1616";"212432";"35597";"284796";"9653269";"5818910";"13";"11";"24";"1035";"1059";"85";"19";"547";"10";"1616";"98880";"61422"
"2020-09-12";"1951";"182";"2133";"35370";"37503";"736";"1501";"213191";"35603";"286297";"9745975";"5875462";"102";"7";"109";"627";"736";"-323";"-115";"759";"6";"1501";"92706";"56552"
"2020-09-13";"2042";"187";"2229";"36280";"38509";"1006";"1458";"213634";"35610";"287753";"9818118";"5924322";"91";"5";"96";"910";"1006";"270";"-43";"443";"7";"1456";"72143";"48860"
"2020-09-14";"2122";"197";"2319";"36868";"39187";"678";"1008";"213950";"35624";"288761";"9863427";"5956171";"80";"10";"90";"588";"678";"-328";"-450";"316";"14";"1008";"45309";"31849"
"2020-09-15";"2222";"201";"2423";"37289";"39712";"525";"1229";"214645";"35633";"289990";"9943944";"6006675";"100";"4";"104";"421";"525";"-153";"221";"695";"9";"1229";"80517";"50504"
"2020-09-16";"2285";"207";"2492";"38040";"40532";"820";"1452";"215265";"35645";"291442";"10044551";"6064792";"63";"6";"69";"751";"820";"295";"223";"620";"12";"1452";"100607";"58117"
"2020-09-17";"2348";"212";"2560";"38853";"41413";"881";"1585";"215954";"35658";"293025";"10146324";"6127243";"63";"5";"68";"813";"881";"61";"133";"689";"13";"1583";"101773";"62451"
"2020-09-18";"2387";"208";"2595";"39862";"42457";"1044";"1907";"216807";"35668";"294932";"10246163";"6187258";"39";"-4";"35";"1009";"1044";"163";"322";"853";"10";"1907";"99839";"60015"
"2020-09-19";"2380";"215";"2595";"40566";"43161";"704";"1638";"217716";"35692";"296569";"10349386";"6248028";"-7";"7";"0";"704";"704";"-340";"-269";"909";"24";"1637";"103223";"60770"
"2020-09-20";"2365";"222";"2587";"41511";"44098";"937";"1587";"218351";"35707";"298156";"10432814";"6302761";"-15";"7";"-8";"945";"937";"233";"-51";"635";"15";"1587";"83428";"54733"
"2020-09-21";"2475";"232";"2707";"42372";"45079";"981";"1350";"218703";"35724";"299506";"10488676";"6342654";"110";"10";"120";"861";"981";"44";"-237";"352";"17";"1350";"55862";"39893"
"2020-09-22";"2604";"239";"2843";"42646";"45489";"410";"1392";"219670";"35738";"300897";"10575979";"6391999";"129";"7";"136";"274";"410";"-571";"42";"967";"14";"1391";"87303";"49345"
"2020-09-23";"2658";"244";"2902";"43212";"46114";"625";"1640";"220665";"35758";"302537";"10679675";"6455762";"54";"5";"59";"566";"625";"215";"248";"995";"20";"1640";"103696";"63763"
"2020-09-24";"2731";"246";"2977";"43803";"46780";"666";"1786";"221762";"35781";"304323";"10787694";"6520661";"73";"2";"75";"591";"666";"41";"146";"1097";"23";"1786";"108019";"64899"
"2020-09-25";"2737";"244";"2981";"44737";"47718";"938";"1912";"222716";"35801";"306235";"10894963";"6584670";"6";"-2";"4";"934";"938";"272";"126";"954";"20";"1912";"107269";"64009"
"2020-09-26";"2746";"247";"2993";"45600";"48593";"875";"1869";"223693";"35818";"308104";"10999350";"6646695";"9";"3";"12";"863";"875";"-63";"-43";"977";"17";"1869";"104387";"62025"
"2020-09-27";"2846";"254";"3100";"46518";"49618";"1025";"1766";"224417";"35835";"309870";"11087064";"6700432";"100";"7";"107";"918";"1025";"150";"-103";"724";"17";"1766";"87714";"53737"
"2020-09-28";"2977";"264";"3241";"47082";"50323";"705";"1494";"225190";"35851";"311364";"11138173";"6732777";"131";"10";"141";"564";"705";"-320";"-272";"773";"16";"1494";"51109";"32345"
"2020-09-29";"3048";"271";"3319";"47311";"50630";"307";"1648";"226506";"35875";"313011";"11228358";"6786395";"71";"7";"78";"229";"307";"-398";"154";"1316";"24";"1647";"90185";"53618"
"2020-09-30";"3047";"280";"3327";"47936";"51263";"633";"1851";"227704";"35894";"314861";"11333922";"6848755";"-1";"9";"8";"625";"633";"326";"203";"1198";"19";"1850";"105564";"62360"
"2020-10-01";"3097";"291";"3388";"49259";"52647";"1384";"2548";"228844";"35918";"317409";"11452158";"6916588";"50";"11";"61";"1323";"1384";"751";"697";"1140";"24";"2548";"118236";"67833"
"2020-10-02";"3142";"294";"3436";"50561";"53997";"1350";"2499";"229970";"35941";"319908";"11572459";"6988317";"45";"3";"48";"1302";"1350";"-34";"-49";"1126";"23";"2499";"120301";"71729"
"2020-10-03";"3205";"297";"3502";"52064";"55566";"1569";"2844";"231217";"35968";"322751";"11691391";"7057949";"63";"3";"66";"1503";"1569";"219";"345";"1247";"27";"2843";"118932";"69632"
"2020-10-04";"3287";"303";"3590";"53839";"57429";"1863";"2578";"231914";"35986";"325329";"11784105";"7117315";"82";"6";"88";"1775";"1863";"294";"-266";"697";"18";"2578";"92714";"59366"
"2020-10-05";"3487";"323";"3810";"55093";"58903";"1474";"2257";"232681";"36002";"327586";"11844346";"7153866";"200";"20";"220";"1254";"1474";"-389";"-321";"767";"16";"2257";"60241";"36551"
"2020-10-06";"3625";"319";"3944";"56190";"60134";"1231";"2677";"234099";"36030";"330263";"11944088";"7216379";"138";"-4";"134";"1097";"1231";"-243";"420";"1418";"28";"2677";"99742";"62513"
"2020-10-07";"3782";"337";"4119";"58457";"62576";"2442";"3678";"235303";"36061";"333940";"12069402";"7296766";"157";"18";"175";"2267";"2442";"1211";"1001";"1204";"31";"3677";"125314";"80387"
"2020-10-08";"3925";"358";"4283";"61669";"65952";"3376";"4458";"236363";"36083";"338398";"12197500";"7365751";"143";"21";"164";"3212";"3376";"934";"780";"1060";"22";"4458";"128098";"68985"
"2020-10-09";"4086";"387";"4473";"65637";"70110";"4158";"5372";"237549";"36111";"343770";"12326971";"7443593";"161";"29";"190";"3968";"4158";"782";"914";"1186";"28";"5372";"129471";"77842"
"2020-10-10";"4336";"390";"4726";"70103";"74829";"4719";"5724";"238525";"36140";"349494";"12460055";"7523702";"250";"3";"253";"4466";"4719";"561";"352";"976";"29";"5724";"133084";"80109"
"2020-10-11";"4519";"420";"4939";"74136";"79075";"4246";"5456";"239709";"36166";"354950";"12564713";"7592410";"183";"30";"213";"4033";"4246";"-473";"-268";"1184";"26";"5456";"104658";"68708"
"2020-10-12";"4821";"452";"5273";"77491";"82764";"3689";"4619";"240600";"36205";"359569";"12650155";"7652059";"302";"32";"334";"3355";"3689";"-557";"-837";"891";"39";"4619";"85442";"59649"
"2020-10-13";"5076";"514";"5590";"81603";"87193";"4429";"5901";"242028";"36246";"365467";"12762699";"7722319";"255";"62";"317";"4112";"4429";"740";"1282";"1428";"41";"5898";"112544";"70260"
"2020-10-14";"5470";"539";"6009";"86436";"92445";"5252";"7332";"244065";"36289";"372799";"12914895";"7809920";"394";"25";"419";"4833";"5252";"823";"1431";"2037";"43";"7332";"152196";"87601"
"2020-10-15";"5796";"586";"6382";"92884";"99266";"6821";"8804";"245964";"36372";"381602";"13077827";"7908462";"326";"47";"373";"6448";"6821";"1569";"1472";"1899";"83";"8803";"162932";"98542"
"2020-10-16";"6178";"638";"6816";"100496";"107312";"8046";"10010";"247872";"36427";"391611";"13228204";"8000864";"382";"52";"434";"7612";"8046";"1225";"1206";"1908";"55";"10009";"150377";"92402"
"2020-10-17";"6617";"705";"7322";"109613";"116935";"9623";"10925";"249127";"36474";"402536";"13394041";"8104190";"439";"67";"506";"9117";"9623";"1577";"915";"1255";"47";"10925";"165837";"103326"
"2020-10-18";"7131";"750";"7881";"118356";"126237";"9302";"11705";"251461";"36543";"414241";"13540582";"8199744";"514";"45";"559";"8743";"9302";"-321";"780";"2334";"69";"11705";"146541";"95554"
"2020-10-19";"7676";"797";"8473";"125530";"134003";"7766";"9338";"252959";"36616";"423578";"13639444";"8265568";"545";"47";"592";"7174";"7766";"-1536";"-2367";"1498";"73";"9337";"98862";"65824"
"2020-10-20";"8454";"870";"9324";"133415";"142739";"8736";"10874";"255005";"36705";"434449";"13784181";"8353248";"778";"73";"851";"7885";"8736";"970";"1536";"2046";"89";"10871";"144737";"87680"
"2020-10-21";"9057";"926";"9983";"145459";"155442";"12703";"15199";"257374";"36832";"449648";"13962029";"8459736";"603";"56";"659";"12044";"12703";"3967";"4325";"2369";"127";"15199";"177848";"106488"
"2020-10-22";"9694";"992";"10686";"158616";"169302";"13860";"16079";"259456";"36968";"465726";"14132421";"8564608";"637";"66";"703";"13157";"13860";"1157";"880";"2082";"136";"16078";"170392";"104872"
"2020-10-23";"10549";"1049";"11598";"174404";"186002";"16700";"19143";"261808";"37059";"484869";"14314453";"8679107";"855";"57";"912";"15788";"16700";"2840";"3064";"2352";"91";"19143";"182032";"114499"